version,page_size,run,query_count,latency_ms
naive,10,1,13,7.994125015102327
naive,10,2,13,4.906417016172782
naive,10,3,13,4.9873749958351254
naive,10,4,13,4.353291995357722
naive,10,5,13,3.879750001942739
naive,10,6,13,3.6729580024257302
naive,10,7,13,3.6218340101186186
naive,10,8,13,3.5708340001292527
naive,10,9,13,4.002000001491979
naive,10,10,13,4.3677920184563845
naive,10,11,13,4.17112500872463
naive,10,12,13,4.4622500136028975
naive,10,13,13,4.080749989952892
naive,10,14,13,3.872000001138076
naive,10,15,13,3.9797499775886536
naive,10,16,13,4.126165993511677
naive,10,17,13,4.019417014205828
naive,10,18,13,3.81504200049676
naive,10,19,13,3.5565419821068645
naive,10,20,13,3.5324999771546572
naive,10,21,13,3.5163339925929904
naive,10,22,13,3.4231670142617077
naive,10,23,13,3.6577499995473772
naive,10,24,13,3.453582990914583
naive,10,25,13,3.4612919844221324
naive,10,26,13,3.426791983656585
naive,10,27,13,3.5762089828494936
naive,10,28,13,3.468999988399446
naive,10,29,13,3.437041013967246
naive,10,30,13,3.3410839969292283
naive,50,1,53,10.88024998898618
naive,50,2,53,10.835833003511652
naive,50,3,53,10.628209012793377
naive,50,4,53,10.36095802555792
naive,50,5,53,10.430124995764345
naive,50,6,53,10.261832998367026
naive,50,7,53,10.862166993319988
naive,50,8,53,10.673041979316622
naive,50,9,53,10.470625013113022
naive,50,10,53,10.08545799413696
naive,50,11,53,8.170749992132187
naive,50,12,53,8.242250012699515
naive,50,13,53,8.075916994130239
naive,50,14,53,8.147832995746285
naive,50,15,53,8.037499996135011
naive,50,16,53,8.09849999495782
naive,50,17,53,8.578165987273678
naive,50,18,53,8.18450000951998
naive,50,19,53,8.141083002556115
naive,50,20,53,7.886041013989598
naive,50,21,53,7.936082984087989
naive,50,22,53,7.993708975845948
naive,50,23,53,8.46220800303854
naive,50,24,53,8.246082987170666
naive,50,25,53,8.06520800688304
naive,50,26,53,7.92033298057504
naive,50,27,53,7.965875003719702
naive,50,28,53,7.8993750212248415
naive,50,29,53,7.985083997482434
naive,50,30,53,8.2834999775514
naive,200,1,203,28.17554198554717
naive,200,2,203,28.166874981252477
naive,200,3,203,27.51433299272321
naive,200,4,203,27.626832976238802
naive,200,5,203,27.364791982108727
naive,200,6,203,27.006458985852078
naive,200,7,203,26.89700000337325
naive,200,8,203,27.167958003701642
naive,200,9,203,27.78304199455306
naive,200,10,203,27.26395899662748
naive,200,11,203,27.524791978066787
naive,200,12,203,26.919708005152643
naive,200,13,203,27.299500012304634
naive,200,14,203,28.15962498425506
naive,200,15,203,28.065583028364927
naive,200,16,203,28.04858301533386
naive,200,17,203,28.00054199178703
naive,200,18,203,27.4785409856122
naive,200,19,203,27.89820800535381
naive,200,20,203,27.49770801165141
naive,200,21,203,28.41479200287722
naive,200,22,203,28.957874979823828
naive,200,23,203,29.544166987761855
naive,200,24,203,29.746499989414588
naive,200,25,203,27.83441697829403
naive,200,26,203,28.581708000274375
naive,200,27,203,27.861125010531396
naive,200,28,203,27.23662499920465
naive,200,29,203,27.70837501157075
naive,200,30,203,27.456000010715798
