verify_seed,failure_rate,call_number,ok,attempts,latency_ms,error
269981,0.0,1,True,1,14.911,
269981,0.0,2,True,1,2.477,
269981,0.0,3,True,1,3.079,
269981,0.0,4,True,1,2.146,
269981,0.0,5,True,1,2.206,
269981,0.0,6,True,1,1.075,
269981,0.0,7,True,1,2.995,
269981,0.0,8,True,1,2.179,
269981,0.0,9,True,1,2.255,
269981,0.0,10,True,1,1.144,
269981,0.0,11,True,1,1.242,
269981,0.0,12,True,1,2.837,
269981,0.0,13,True,1,2.457,
269981,0.0,14,True,1,1.116,
269981,0.0,15,True,1,1.713,
269981,0.0,16,True,1,2.772,
269981,0.0,17,True,1,2.102,
269981,0.0,18,True,1,1.543,
269981,0.0,19,True,1,1.527,
269981,0.0,20,True,1,2.11,
269981,0.0,21,True,1,3.008,
269981,0.0,22,True,1,2.052,
269981,0.0,23,True,1,2.279,
269981,0.0,24,True,1,2.401,
269981,0.0,25,True,1,2.054,
269981,0.0,26,True,1,1.723,
269981,0.0,27,True,1,2.892,
269981,0.0,28,True,1,2.058,
269981,0.0,29,True,1,1.987,
269981,0.0,30,True,1,1.548,
269981,0.0,31,True,1,2.623,
269981,0.0,32,True,1,1.766,
269981,0.0,33,True,1,2.047,
269981,0.0,34,True,1,1.724,
269981,0.0,35,True,1,2.841,
269981,0.0,36,True,1,2.043,
269981,0.0,37,True,1,2.044,
269981,0.0,38,True,1,1.507,
269981,0.0,39,True,1,2.05,
269981,0.0,40,True,1,1.475,
269981,0.0,41,True,1,2.032,
269981,0.0,42,True,1,1.994,
269981,0.0,43,True,1,1.223,
269981,0.0,44,True,1,2.028,
269981,0.0,45,True,1,2.171,
269981,0.0,46,True,1,2.26,
269981,0.0,47,True,1,1.445,
269981,0.0,48,True,1,2.766,
269981,0.0,49,True,1,1.701,
269981,0.0,50,True,1,1.628,
269981,0.2,1,True,1,1.558,
269981,0.2,2,True,3,312.882,
269981,0.2,3,True,2,108.26,
269981,0.2,4,True,1,2.594,
269981,0.2,5,True,1,1.941,
269981,0.2,6,True,1,3.097,
269981,0.2,7,True,2,106.48,
269981,0.2,8,True,3,309.901,
269981,0.2,9,True,1,1.97,
269981,0.2,10,True,1,2.148,
269981,0.2,11,True,2,107.793,
269981,0.2,12,True,1,2.922,
269981,0.2,13,True,2,107.802,
269981,0.2,14,True,1,1.982,
269981,0.2,15,True,1,1.706,
269981,0.2,16,True,1,2.047,
269981,0.2,17,True,1,1.638,
269981,0.2,18,True,3,312.717,
269981,0.2,19,True,1,2.475,
269981,0.2,20,True,1,3.317,
269981,0.2,21,True,1,2.12,
269981,0.2,22,True,1,1.71,
269981,0.2,23,True,1,1.574,
269981,0.2,24,True,1,2.565,
269981,0.2,25,True,1,1.809,
269981,0.2,26,True,2,105.879,
269981,0.2,27,True,1,2.872,
269981,0.2,28,True,1,2.688,
269981,0.2,29,True,1,1.883,
269981,0.2,30,True,1,2.682,
269981,0.2,31,True,1,2.713,
269981,0.2,32,True,1,3.048,
269981,0.2,33,True,1,2.572,
269981,0.2,34,True,1,2.48,
269981,0.2,35,True,3,314.292,
269981,0.2,36,True,1,3.814,
269981,0.2,37,True,1,3.133,
269981,0.2,38,True,1,2.085,
269981,0.2,39,True,1,1.97,
269981,0.2,40,True,1,2.138,
269981,0.2,41,True,1,1.971,
269981,0.2,42,True,1,2.252,
269981,0.2,43,True,1,2.549,
269981,0.2,44,True,1,3.086,
269981,0.2,45,True,1,3.288,
269981,0.2,46,True,2,108.947,
269981,0.2,47,True,1,2.986,
269981,0.2,48,True,1,2.722,
269981,0.2,49,True,1,2.109,
269981,0.2,50,True,1,3.743,
269981,0.5,1,True,1,2.741,
269981,0.5,2,True,3,309.84,
269981,0.5,3,True,2,109.634,
269981,0.5,4,True,1,3.185,
269981,0.5,5,True,1,2.757,
269981,0.5,6,False,3,307.391,simulated transient failure on attempt 3
269981,0.5,7,False,3,310.784,simulated transient failure on attempt 3
269981,0.5,8,True,1,4.449,
269981,0.5,9,True,1,2.735,
269981,0.5,10,False,3,309.443,simulated transient failure on attempt 3
269981,0.5,11,True,2,107.896,
269981,0.5,12,True,1,2.203,
269981,0.5,13,True,1,2.175,
269981,0.5,14,False,3,304.685,simulated transient failure on attempt 3
269981,0.5,15,True,2,109.642,
269981,0.5,16,True,1,2.698,
269981,0.5,17,True,1,2.763,
269981,0.5,18,True,1,3.968,
269981,0.5,19,True,1,3.193,
269981,0.5,20,True,2,107.833,
269981,0.5,21,True,3,312.372,
269981,0.5,22,True,1,4.267,
269981,0.5,23,True,1,2.422,
269981,0.5,24,True,3,312.894,
269981,0.5,25,False,3,310.697,simulated transient failure on attempt 3
269981,0.5,26,False,3,305.411,simulated transient failure on attempt 3
269981,0.5,27,True,1,4.503,
269981,0.5,28,True,1,4.333,
269981,0.5,29,True,2,106.395,
269981,0.5,30,True,1,2.322,
269981,0.5,31,True,1,2.224,
269981,0.5,32,True,1,1.925,
269981,0.5,33,True,1,1.633,
269981,0.5,34,True,1,3.575,
269981,0.5,35,True,1,1.903,
269981,0.5,36,True,2,108.098,
269981,0.5,37,True,2,108.951,
269981,0.5,38,True,1,4.374,
269981,0.5,39,True,2,106.407,
269981,0.5,40,True,1,2.407,
269981,0.5,41,True,2,109.55,
269981,0.5,42,True,1,3.03,
269981,0.5,43,True,1,3.044,
269981,0.5,44,True,1,2.071,
269981,0.5,45,True,1,2.165,
269981,0.5,46,True,1,2.159,
269981,0.5,47,True,1,4.776,
269981,0.5,48,True,1,2.437,
269981,0.5,49,False,3,308.538,simulated transient failure on attempt 3
269981,0.5,50,True,2,109.702,
